step	dice_multi
0	0.4957888246407889
1	0.4957888246407889
2	0.8313731309447714
3	0.8472700778658652
4	0.8570539237626564
5	0.865859834392261
6	0.8593128721143699
7	0.8600732736199871
8	0.8650483353168599
