step	dice_multi
0	0.4959642892667835
1	0.4959642892667835
2	0.833605824167012
3	0.8519724092370605
4	0.8438991729424445
5	0.8689174618008877
6	0.872629283634176
7	0.8756332990184186
8	0.8761505085436683
