step	dice_multi
0	0.4957306295452747
1	0.4957306295452747
2	0.7453252552900698
3	0.7987389619511642
4	0.8126988121944365
5	0.8084214132217105
6	0.815716630239079
7	0.8135935358280724
8	0.8149090005842425
