step	loss
0	0.08960343152284622
1	0.06329391896724701
2	0.04852205142378807
3	0.03589248284697533
4	0.03450948745012283
5	0.02992313541471958
6	0.030578408390283585
7	0.02928525023162365
8	0.02855839394032955
