step	loss
0	0.2571737468242645
1	0.08292935788631439
2	0.04920778423547745
3	0.052268702536821365
4	0.04183022305369377
5	0.04123431816697121
6	0.04144119843840599
7	0.03768646717071533
8	0.03807712346315384
