step	loss
0	0.11400569975376129
1	0.05572781711816788
2	0.04079318419098854
3	0.03708570823073387
4	0.03146932274103165
5	0.027999069541692734
6	0.027656810358166695
7	0.026779837906360626
8	0.026650946587324142
