step	loss
0	0.08808497339487076
1	0.06383243948221207
2	0.07831603288650513
3	0.04054617881774902
4	0.047002147883176804
5	0.03829708695411682
6	0.04343501850962639
7	0.041208263486623764
8	0.04188346490263939
