step	loss
0	0.8101233839988708
1	0.1114041656255722
2	0.08598262071609497
3	0.0672694519162178
4	0.055120691657066345
5	0.04659836366772652
6	0.040488842874765396
7	0.03590309992432594
8	0.03252653777599335
