step	loss
0	0.3254832625389099
1	0.08068958669900894
2	0.059452399611473083
3	0.048389848321676254
4	0.04077176749706268
5	0.03561680391430855
6	0.03176778182387352
7	0.028882967308163643
8	0.02671368606388569
