step	loss
0	0.3223409354686737
1	0.07968054711818695
2	0.058712128549814224
3	0.04755605757236481
4	0.04012554883956909
5	0.035183560103178024
6	0.031417910009622574
7	0.02861802838742733
8	0.02650468796491623
