{
    "train": {
        "loss": 0.02650468796491623
    },
    "eval": {
        "loss": 0.02855839394032955
    },
    "dice_multi": 0.8650483353168599,
    "step": 8
}
