{
    "train": {
        "loss": 0.03252653777599335
    },
    "eval": {
        "loss": 0.03807712346315384
    },
    "dice_multi": 0.8006391448534413,
    "step": 8
}
