{
    "train": {
        "loss": 0.02671368606388569
    },
    "eval": {
        "loss": 0.04188346490263939
    },
    "dice_multi": 0.8149090005842425,
    "step": 8
}
