{
    "train": {
        "loss": 0.029740817844867706
    },
    "eval": {
        "loss": 0.026650946587324142
    },
    "dice_multi": 0.8761505085436683,
    "step": 8,
    "evaluate/dice_multi": 0.8671712457804921
}
